<?xml version="1.0" encoding="utf-8"?>
<component size="26,26" extention="Button">
  <controller name="button" pages="0,up,1,down,2,over,3,selectedOver" selected="0"/>
  <displayList>
    <image id="n5" name="n5" src="v6072" fileName="images/b5.png" xy="0,0" size="27,27" alpha="0.45">
      <gearDisplay controller="button" pages="2"/>
      <relation target="" sidePair="width-width,height-height"/>
    </image>
    <loader id="n4" name="icon" xy="0,0" size="26,26" align="center" vAlign="middle" fill="scaleFree">
      <relation target="" sidePair="width-width,height-height"/>
    </loader>
  </displayList>
  <Button/>
</component>