<?xml version="1.0" encoding="utf-8"?>
<component size="350,360" designImageAlpha="100">
  <displayList>
    <component id="n0_n58a" name="frame" src="v6073f" fileName="Window/WindowFrame.xml" pkg="ncbwb41m" xy="0,0" size="350,360"/>
    <text id="n13_n58a" name="label" xy="18,26" size="63,19" fontSize="12" vAlign="middle" autoSize="none" text="99/(99-99)"/>
    <graph id="n17_n58a" name="n17" xy="6,58" size="339,240" type="rect" lineSize="0" fillColor="#ff36322f" corner="4"/>
    <list id="n12_n58a" name="list" xy="7,58" size="337,240" layout="flow_hz" selectionMode="multipleSingleClick" overflow="scroll" colGap="2" defaultItem="ui://o8o1viv2lomv6" autoClearItems="true">
      <item/>
      <item/>
      <item/>
      <item/>
      <item/>
      <item/>
      <item/>
      <item/>
      <item/>
      <item/>
    </list>
    <component id="n24_wuz4" name="btn" src="lomv7" fileName="com/mButton.xml" xy="129,305" size="89,34"/>
    <text id="n20_n58a" name="n20" xy="160,312" size="29,19" fontSize="12" color="#deedc7" align="center" vAlign="middle" strokeColor="#2c3936" text="确定"/>
  </displayList>
</component>