<?xml version="1.0" encoding="utf-8"?>
<component size="320,420">
  <displayList>
    <component id="n0_q9cp" name="frame" src="v6073f" fileName="Window/WindowFrame.xml" pkg="ncbwb41m" xy="0,0" size="320,420">
      <relation target="" sidePair="width-width,height-height"/>
      <Label title="乾坤界物品设置"/>
    </component>
    <image id="n5_q9cp" name="n5" src="kjtf47" fileName="images/bg_title001.png" pkg="ncbwb41m" xy="79,21" size="162,29" restrictSize="0,200,0,0">
      <relation target="" sidePair="center-center,top-top"/>
    </image>
    <text id="n6_q9cp" name="title" xy="95,25" size="130,22" fontSize="14" color="#444444" align="center" vAlign="middle" autoSize="none" singleLine="true" text="乾坤界物品设置">
      <relation target="" sidePair="center-center,top-top"/>
    </text>
    <component id="n8_q9cp" name="tips" src="jl7l0" fileName="com/TipsLabel.xml" xy="10,25" size="40,20">
      <relation target="" sidePair="left-left,top-top"/>
    </component>
    <image id="n3_q9cp" name="n3" src="kjtf46" fileName="images/bg_line01.png" pkg="ncbwb41m" xy="0,93" size="320,2">
      <relation target="" sidePair="width-width,top-top"/>
    </image>
    <image id="n4_q9cp" name="n4" src="kjtf46" fileName="images/bg_line01.png" pkg="ncbwb41m" xy="0,357" size="320,2">
      <relation target="" sidePair="width-width,bottom-bottom"/>
    </image>
    <list id="n7_q9cp" name="list" xy="20,96" size="280,260" selectionMode="none" overflow="scroll" scrollBarFlags="4" lineGap="4" defaultItem="ui://k7q2d9teq9cpj" align="center" vAlign="middle" autoClearItems="true">
      <relation target="" sidePair="width-width,height-height,center-center,middle-middle"/>
      <item title="12345689"/>
      <item title="物品物品物品物品物品"/>
      <item title="物品"/>
      <item title="物品物品"/>
      <item title="物品物品物品"/>
      <item title="物品"/>
      <item title="物品"/>
      <item title="物品"/>
      <item title="物品"/>
      <item title="物品"/>
      <item title="物品"/>
      <item title="物品"/>
    </list>
    <component id="n1_q9cp" name="btn1" src="v6070" fileName="Button/Button.xml" pkg="ncbwb41m" xy="65,370" size="85,25">
      <relation target="" sidePair="center-center,bottom-bottom"/>
      <Button title="确定"/>
    </component>
    <component id="n2_q9cp" name="btn2" src="v6070" fileName="Button/Button.xml" pkg="ncbwb41m" xy="170,370" size="85,25">
      <relation target="" sidePair="center-center,bottom-bottom"/>
      <Button title="取消"/>
    </component>
    <component id="n9_jrjp" name="allselected" src="v9j6aj" fileName="Checkbox/Checkbox2.xml" pkg="ncbwb41m" xy="30,66" size="51,19">
      <Button title="全选"/>
    </component>
    <component id="n16_j3rx" name="input" src="v6072k" fileName="Input/TextInput.xml" pkg="ncbwb41m" xy="175,66" size="71,20"/>
    <component id="n13_jrjp" name="search" src="jrjpk" fileName="com/Button2.xml" xy="248,63" size="43,25">
      <relation target="n16_j3rx" sidePair="middle-middle,left-right"/>
      <Button title="搜索"/>
    </component>
    <text id="n14_r0fl" name="sum" xy="94,67" size="66,19" fontSize="12" color="#514030" align="center" autoSize="none" singleLine="true" autoClearText="true" text="999/999"/>
  </displayList>
</component>