<?xml version="1.0" encoding="utf-8"?>
<component size="150,20" extention="Button">
  <controller name="button" pages="0,up,1,down,2,over,3,selectedOver" selected="1"/>
  <displayList>
    <image id="n4" name="n4" src="kjtf5v" fileName="images/button_work01.png" xy="1,1" size="17,17" aspect="true"/>
    <image id="n8" name="n8" src="is9d99" fileName="images/checkbox_dark.png" xy="3,3" size="13,12" aspect="true">
      <gearDisplay controller="button" pages="1,3"/>
    </image>
    <text id="n2" name="title" xy="41,0" size="105,20" fontSize="12" color="#2b231b" vAlign="middle" autoSize="none" singleLine="true" text="">
      <relation target="" sidePair="width-width,height-height"/>
    </text>
    <loader id="n3" name="icon" xy="20,0" size="20,20" align="center" vAlign="middle"/>
  </displayList>
  <Button mode="Radio"/>
</component>