<?xml version="1.0" encoding="utf-8"?>
<component size="60,25" extention="Label">
  <displayList>
    <text id="n9_p5v8" name="title" xy="2,3" size="10,20" fontSize="13" color="#514030" vAlign="middle" singleLine="true" text="">
      <relation target="" sidePair="center-center,middle-middle"/>
    </text>
    <component id="n10_p5v8" name="look" src="p5v84" fileName="com/Button2.xml" xy="15,0" size="43,25">
      <relation target="n9_p5v8" sidePair="left-right"/>
      <Button title="查看"/>
    </component>
  </displayList>
</component>