<?xml version="1.0" encoding="utf-8"?>
<component size="63,25" extention="Button">
  <controller name="button" pages="0,up,1,down,2,over,3,selectedOver,4,disabled,5,selectedDisabled" selected="0"/>
  <displayList>
    <image id="n6_fzjy" name="n6" src="v9j6ai" fileName="images/button_bt16.png" xy="0,0" size="63,25">
      <gearLook controller="button" pages="4,5" values="1,0,1,1|1,0,1,1" default="1,0,0,1" tween="true"/>
      <gearColor controller="button" pages="0,1,2" values="#ffffff|#ffffff|#e0e0e0" default="#d1d1d1" tween="true"/>
      <relation target="" sidePair="width-width,height-height"/>
    </image>
    <text id="n4" name="title" xy="15,2" size="33,23" fontSize="14" color="#514030" align="center" vAlign="middle" bold="true" strokeColor="#ffffff" singleLine="true" text="确定">
      <gearColor controller="button" pages="0,1,2,4,5" values="#514030,#ffffff|#ffe5a1,#000000|#fad987,#000000|#b0aca1,#000000|#b0aca1,#000000" default="#ffffff,#000000"/>
      <relation target="" sidePair="width-width,height-height,center-center,middle-middle"/>
    </text>
  </displayList>
  <Button/>
</component>