<?xml version="1.0" encoding="utf-8"?>
<component size="26,26" extention="Button">
  <controller name="button" pages="0,up,1,down,2,over,3,selectedOver" selected="2"/>
  <displayList>
    <image id="n7" name="n7" src="v6073" xy="0,0" size="26,26">
      <gearDisplay controller="button" pages="1,2,3"/>
      <relation target="" sidePair="width-width,height-height"/>
    </image>
    <loader id="n4" name="icon" xy="0,0" size="26,26" align="center" vAlign="middle">
      <relation target="" sidePair="width-width,height-height"/>
    </loader>
  </displayList>
  <Button/>
</component>