<?xml version="1.0" encoding="utf-8"?>
<component size="320,400">
  <displayList>
    <component id="n0_8fu1" name="frame" src="v6073f" fileName="Window/WindowFrame.xml" pkg="ncbwb41m" xy="0,0" size="320,400">
      <Label title="自动搬运设置"/>
    </component>
    <list id="n1_8fu1" name="list" xy="30,110" size="260,225" selectionMode="none" overflow="scroll" lineGap="4" defaultItem="ui://ftqs8ula8fu10" autoItemSize="false" vAlign="middle" autoClearItems="true">
      <relation target="n0_8fu1" sidePair="width-width,height-height"/>
      <item/>
      <item/>
      <item/>
      <item/>
      <item/>
      <item/>
      <item/>
      <item/>
      <item/>
      <item/>
      <item/>
      <item/>
    </list>
    <component id="n2_8fu1" name="btn1" src="v6070" fileName="Button/Button.xml" pkg="ncbwb41m" xy="68,346" size="80,34">
      <relation target="n0_8fu1" sidePair="center-center,bottom-bottom"/>
    </component>
    <text id="n3_8fu1" name="bname1" xy="77,354" size="62,19" fontSize="12" color="#deedc7" align="center" vAlign="middle" autoSize="none" strokeColor="#2c3936" singleLine="true" text="确定">
      <relation target="n2_8fu1" sidePair="center-center,middle-middle"/>
    </text>
    <component id="n4_8fu1" name="btn2" src="v6070" fileName="Button/Button.xml" pkg="ncbwb41m" xy="172,346" size="80,34">
      <relation target="n0_8fu1" sidePair="center-center,bottom-bottom"/>
    </component>
    <text id="n5_8fu1" name="bname2" xy="181,353" size="62,19" fontSize="12" color="#deedc7" align="center" vAlign="middle" autoSize="none" strokeColor="#2c3936" singleLine="true" text="取消">
      <relation target="n4_8fu1" sidePair="center-center,middle-middle"/>
    </text>
    <image id="n6_8fu1" name="n6" src="kjtf46" fileName="images/bg_line01.png" pkg="ncbwb41m" xy="0,108" size="320,2">
      <relation target="n0_8fu1" sidePair="width-width,top-top"/>
    </image>
    <image id="n7_8fu1" name="n7" src="kjtf46" fileName="images/bg_line01.png" pkg="ncbwb41m" xy="0,336" size="320,2">
      <relation target="n0_8fu1" sidePair="width-width,bottom-bottom"/>
    </image>
    <component id="n18_lcvj" name="tips" src="lcvj5" fileName="com/Label1.xml" xy="27,29" size="40,20">
      <relation target="n0_8fu1" sidePair="center-center,top-top"/>
      <Label title="说明"/>
    </component>
    <component id="n16_qidu" name="check1" src="qidu4" fileName="com/Checkbox.xml" xy="42,64" size="70,19">
      <relation target="n0_8fu1" sidePair="center-center,top-top"/>
      <Button title="自动搜身"/>
    </component>
    <component id="n17_qidu" name="check2" src="qidu4" fileName="com/Checkbox.xml" xy="165,64" size="70,19">
      <relation target="n0_8fu1" sidePair="center-center,top-top"/>
      <Button title="自动屠宰"/>
    </component>
    <component id="n19_cuqe" name="check3" src="qidu4" fileName="com/Checkbox.xml" xy="42,86" size="93,19">
      <relation target="n0_8fu1" sidePair="center-center,top-top"/>
      <Button title="灵植成熟提醒"/>
    </component>
  </displayList>
</component>