<?xml version="1.0" encoding="utf-8"?>
<component size="71,20" extention="Label">
  <controller name="grayed" pages="0,,1," selected="0"/>
  <displayList>
    <image id="n0" name="n0" src="xwd7al" fileName="images/bg_ban020.png" xy="0,0" size="71,20">
      <gearLook controller="grayed" pages="1" values="1,0,1,1" default="1,0,0,1"/>
      <relation target="" sidePair="width-width,height-height"/>
    </image>
    <text id="n1" name="title" xy="6,1" size="58,21" input="true" fontSize="12" color="#ffe5a1" vAlign="middle" autoSize="none" singleLine="true" autoClearText="true" text="2121">
      <gearColor controller="grayed" pages="0,1" values="#ffe5a1,#000000|#787b7b,#000000"/>
      <relation target="" sidePair="width-width,height-height"/>
    </text>
  </displayList>
</component>