<?xml version="1.0" encoding="utf-8"?>
<component size="250,26" extention="Button">
  <displayList>
    <component id="n4_8fu1" name="title" src="8fu12" fileName="com/botton.xml" xy="126,0" size="122,26">
      <relation target="n3_8fu1" sidePair="left-right,middle-middle"/>
      <Button title="名称名称名称名称"/>
    </component>
    <component id="n1_8fu1" name="state" src="v607a" fileName="ComboBox/ComboBox.xml" pkg="ncbwb41m" xy="0,0" size="64,26">
      <ComboBox visibleItemCount="10" direction="down">
        <item title="无"/>
        <item title="弥留"/>
        <item title="尸体"/>
      </ComboBox>
    </component>
    <component id="n3_8fu1" name="level" src="v607a" fileName="ComboBox/ComboBox.xml" pkg="ncbwb41m" xy="68,0" size="54,26">
      <relation target="n1_8fu1" sidePair="left-right,middle-middle"/>
      <ComboBox visibleItemCount="10">
        <item title="低"/>
        <item title="中"/>
        <item title="高"/>
      </ComboBox>
    </component>
  </displayList>
  <Button/>
</component>