<?xml version="1.0" encoding="utf-8"?>
<component size="27,19" extention="Button">
  <controller name="button" pages="0,up,1,down,2,over,3,selectedOver" selected="0"/>
  <displayList>
    <image id="n1" name="n1" src="kjtf5v" fileName="images/button_work01.png" pkg="ncbwb41m" xy="0,3" size="13,13">
      <gearDisplay controller="button" pages="0"/>
    </image>
    <image id="n2" name="n2" src="kjtf5v" fileName="images/button_work01.png" pkg="ncbwb41m" xy="0,3" size="13,13">
      <gearDisplay controller="button" pages="1"/>
    </image>
    <image id="n3" name="n3" src="kjtf5v" fileName="images/button_work01.png" pkg="ncbwb41m" xy="0,3" size="13,13" alpha="0.5">
      <gearDisplay controller="button" pages="2,3"/>
      <gearColor controller="button" default="#ffffff"/>
    </image>
    <text id="n5" name="title" xy="13,0" size="10,19" fontSize="12" color="#deedc7" vAlign="middle" strokeColor="#2c3936" singleLine="true" text=""/>
    <image id="n7" name="n7" src="kjtf5z" fileName="images/button_work05.png" pkg="ncbwb41m" xy="2,5" size="9,9" aspect="true">
      <gearDisplay controller="button" pages="1,3"/>
    </image>
  </displayList>
  <Button mode="Check"/>
  <relation target="n5" sidePair="rightext-right"/>
</component>