<?xml version="1.0" encoding="utf-8"?>
<component size="31,22" extention="Button">
  <controller name="button" pages="0,up,1,down,2,over,3,selectedOver,4,disabled,5,selectedDisabled" selected="0"/>
  <displayList>
    <image id="n1" name="n1" src="v9j6ak" fileName="images/other_kong01.png" xy="0,1" size="18,18">
      <gearLook controller="button" pages="4" values="1,0,1,1" default="1,0,0,1"/>
      <gearColor controller="button" pages="2" values="#bcbcbc" default="#ffffff"/>
      <relation target="" sidePair="middle-middle"/>
    </image>
    <loader id="n6_v5oe" name="n6" xy="1,3" size="15,15" fill="scaleFree">
      <gearLook controller="button" pages="4,5" values="1,0,1,1|1,0,1,1" default="1,0,0,1"/>
    </loader>
    <image id="n3_wf5i" name="n3" src="is9d99" fileName="images/checkbox_dark.png" xy="3,4" size="12,12" aspect="true">
      <gearDisplay controller="button" pages="1,3,5"/>
      <gearLook controller="button" pages="5" values="1,0,1,1" default="1,0,0,1"/>
      <relation target="" sidePair="middle-middle"/>
    </image>
    <text id="n2" name="title" xy="21,0" size="10,23" fontSize="13" color="#514030" align="center" vAlign="middle" singleLine="true" text=""/>
  </displayList>
  <Button mode="Check"/>
  <relation target="n2" sidePair="width-width,height-height"/>
</component>