<?xml version="1.0" encoding="utf-8"?>
<component size="158,52" pivot="0,1.5" anchor="true" opaque="false">
  <displayList>
    <list id="n1_ba5x" name="list" xy="0,0" size="158,52" layout="row" selectionMode="none" scroll="horizontal" colGap="1" defaultItem="ui://b7phkfl5q9cph" autoItemSize="false" vAlign="middle" autoClearItems="true">
      <relation target="" sidePair="width-width,height-height"/>
      <item title="批量画符"/>
      <item title="文字文字文字"/>
      <item title="文字文字"/>
    </list>
  </displayList>
</component>