<?xml version="1.0" encoding="utf-8"?>
<component size="63,25" extention="Button">
  <controller name="button" pages="0,up,1,down,2,over,3,selectedOver,4,disabled,5,selectedDisabled" selected="2"/>
  <displayList>
    <image id="n6_fzjy" name="n6" src="v9j6ai" fileName="images/button_bt16.png" pkg="ncbwb41m" xy="0,0" size="63,25" color="#e1e1e1">
      <gearLook controller="button" pages="4,5" values="1,0,1,1|1,0,1,1" default="1,0,0,1" tween="true"/>
      <gearColor controller="button" pages="0,1,2" values="#ffffff|#c8c8c8|#e1e1e1" default="#d1d1d1" tween="true"/>
      <relation target="" sidePair="width-width,height-height"/>
    </image>
    <text id="n4" name="title" xy="0,3" size="63,19" fontSize="12" color="#fad987" align="center" vAlign="middle" autoSize="none" strokeColor="#000000" singleLine="true" autoClearText="true" text="搜索">
      <gearColor controller="button" pages="0,1,2,4,5" values="#514030,#ffffff|#ffe5a1,#000000|#fad987,#000000|#b0aca1,#000000|#b0aca1,#000000" default="#ffffff,#000000"/>
      <relation target="" sidePair="width-width,height-height,center-center,middle-middle"/>
    </text>
  </displayList>
  <Button/>
</component>