<?xml version="1.0" encoding="utf-8"?>
<component size="56,71" extention="Button">
  <displayList>
    <loader id="n0_hufs" name="icon" xy="3,0" size="50,50" align="center" vAlign="middle" fill="scaleFree"/>
    <image id="n4_hufs" name="n4" src="kjtf4m" fileName="images/bg_xuetiao07.png" pkg="ncbwb41m" xy="0,33" size="56,17"/>
    <text id="n2_hufs" name="title" xy="0,33" size="56,17" fontSize="10" color="#deedc7" align="center" vAlign="middle" autoSize="none" strokeColor="#2c3936" singleLine="true" autoClearText="true" text="分影遁空符"/>
    <component id="n1_hufs" name="input" src="v6072k" fileName="Input/TextInput.xml" pkg="ncbwb41m" xy="13,51" size="30,20">
      <Label prompt="0" maxLength="2" restrict="[0-9]"/>
    </component>
  </displayList>
  <Button mode="Radio"/>
</component>