<?xml version="1.0" encoding="utf-8"?>
<component size="46,46" extention="Button">
  <controller name="button" pages="0,up,6,down,7,over" selected="0"/>
  <displayList>
    <image id="n9_n58a" name="n1" src="kjtf4v" fileName="images/button_bt01.png" pkg="ncbwb41m" xy="0,0" size="46,46">
      <relation target="" sidePair="width-width,height-height"/>
    </image>
    <graph id="n10_cz1g" name="n2" xy="5,5" size="36,36" type="rect" lineSize="0" lineColor="#ffccff00" fillColor="#66ccff00" corner="6">
      <gearDisplay controller="button" pages="6,7"/>
    </graph>
    <loader id="n4" name="icon" xy="5,3" size="36,36" align="center" vAlign="middle" fill="scaleFree">
      <relation target="" sidePair="width-width,height-height"/>
    </loader>
    <text id="n8_e4d4" name="title" xy="0,16" size="46,33" fontSize="12" color="#deedc7" align="center" vAlign="bottom" leading="0" ubb="true" autoSize="height" strokeColor="#2c3936" autoClearText="true" text="醍醐灌顶之术">
      <relation target="" sidePair="bottom-bottom,center-center"/>
    </text>
  </displayList>
  <Button/>
</component>