<?xml version="1.0" encoding="utf-8"?>
<component size="105,20" extention="Button">
  <controller name="button" pages="0,up,1,down,2,over,3,selectedOver,4,disabled,5,selectedDisabled" selected="0"/>
  <displayList>
    <image id="n0" name="n0" src="kjtf4s" fileName="images/bg_xuetiao13.png" xy="0,0" size="105,20">
      <gearDisplay controller="button" pages="2"/>
      <relation target="" sidePair="width-width,height-height"/>
    </image>
    <image id="n1" name="n1" src="kjtf4r" fileName="images/bg_xuetiao12.png" xy="0,0" size="105,20" aspect="true">
      <gearDisplay controller="button" pages="1,3"/>
      <relation target="" sidePair="width-width,height-height"/>
    </image>
    <text id="n2" name="title" xy="2,0" size="103,20" fontSize="12" color="#2b231b" vAlign="middle" autoSize="none" singleLine="true" text="">
      <gearColor controller="button" pages="0,1,3,4,5" values="#2b231b,#000000|#ffffff,#000000|#ffffff,#000000|#333333,#000000|#333333,#000000" default="#bdbdbd,#000000"/>
      <relation target="" sidePair="width-width,height-height"/>
    </text>
  </displayList>
  <Button mode="Radio"/>
</component>