<?xml version="1.0" encoding="utf-8"?>
<component size="340,425">
  <displayList>
    <component id="n0_8fu1" name="frame" src="v6073f" fileName="Window/WindowFrame.xml" pkg="ncbwb41m" xy="0,0" size="340,425">
      <relation target="" sidePair="width-width,height-height"/>
      <Label title="自动搬运设置"/>
    </component>
    <list id="n1_8fu1" name="list" xy="30,116" size="286,244" selectionMode="none" overflow="scroll" scrollBarFlags="4" lineGap="5" defaultItem="ui://ftqs8ulal7sz6" vAlign="middle" autoClearItems="true">
      <relation target="n0_8fu1" sidePair="width-width,height-height"/>
      <item title="仓库仓库仓库仓库"/>
      <item title="仓库仓库仓库仓库"/>
      <item title="仓库仓库仓库仓库"/>
      <item title="仓库仓库仓库仓库"/>
      <item/>
      <item/>
      <item/>
      <item/>
      <item/>
      <item/>
      <item/>
      <item/>
      <item/>
    </list>
    <component id="n2_8fu1" name="btn1" src="v6070" fileName="Button/Button.xml" pkg="ncbwb41m" xy="70,375" size="85,25">
      <relation target="n0_8fu1" sidePair="center-center,bottom-bottom"/>
      <Button title="确定"/>
    </component>
    <component id="n4_8fu1" name="btn2" src="v6070" fileName="Button/Button.xml" pkg="ncbwb41m" xy="185,375" size="85,25">
      <relation target="n0_8fu1" sidePair="center-center,bottom-bottom"/>
      <Button title="取消"/>
    </component>
    <image id="n6_8fu1" name="n6" src="kjtf46" fileName="images/bg_line01.png" pkg="ncbwb41m" xy="0,113" size="340,2">
      <relation target="n0_8fu1" sidePair="width-width,top-top"/>
    </image>
    <image id="n7_8fu1" name="n7" src="kjtf46" fileName="images/bg_line01.png" pkg="ncbwb41m" xy="0,361" size="340,2">
      <relation target="n0_8fu1" sidePair="width-width,bottom-bottom"/>
    </image>
    <component id="n18_lcvj" name="tips" src="lcvj5" fileName="com/TipLabel.xml" xy="20,25" size="40,20">
      <relation target="n0_8fu1" sidePair="center-center,top-top"/>
      <Label title="说明"/>
    </component>
    <component id="n25_jrjp" name="check1" src="v9j6aj" fileName="Checkbox/Checkbox2.xml" pkg="ncbwb41m" xy="30,64" size="76,19">
      <Button title="自动搜身"/>
    </component>
    <component id="n27_jrjp" name="check2" src="v9j6aj" fileName="Checkbox/Checkbox2.xml" pkg="ncbwb41m" xy="164,64" size="76,19">
      <Button title="自动屠宰"/>
    </component>
    <component id="n26_jrjp" name="check3" src="v9j6aj" fileName="Checkbox/Checkbox2.xml" pkg="ncbwb41m" xy="30,86" size="102,19">
      <Button title="灵植成熟提醒"/>
    </component>
    <component id="n28_jrjp" name="check4" src="v9j6aj" fileName="Checkbox/Checkbox2.xml" pkg="ncbwb41m" xy="164,86" size="127,19">
      <Button title="自动领取各地储存"/>
    </component>
  </displayList>
</component>