<?xml version="1.0" encoding="utf-8"?>
<component size="240,200">
  <displayList>
    <component id="n0_cz1g" name="frame" src="v6073f" fileName="Window/WindowFrame.xml" pkg="ncbwb41m" xy="0,0" size="240,200">
      <relation target="" sidePair="width-width,height-height"/>
    </component>
    <image id="n15_r5zx" name="n15" src="kjtf47" fileName="images/bg_title001.png" pkg="ncbwb41m" xy="55,21" size="130,29" restrictSize="0,200,0,0">
      <relation target="n0_cz1g" sidePair="width-width,center-center"/>
    </image>
    <text id="n14_r5zx" name="title" xy="55,25" size="130,20" fontSize="14" color="#444444" align="center" vAlign="middle" autoSize="none" autoClearText="true" text="标题标题标题标题标题">
      <relation target="n0_cz1g" sidePair="width-width,center-center"/>
    </text>
    <list id="n1_cz1g" name="list" xy="10,63" size="220,74" selectionMode="none" overflow="scroll" scrollBarFlags="4" lineGap="4" defaultItem="ui://b7phkfl5cz1g9" align="center" vAlign="middle" autoClearItems="true">
      <relation target="n0_cz1g" sidePair="width-width,height-height"/>
      <item title="4561311"/>
      <item title="名字名字名字名字"/>
      <item title="名字名字名字"/>
      <item title="名字名字"/>
      <item title="名字"/>
      <item title="名字"/>
      <item title="名字"/>
      <item title="名字"/>
    </list>
    <component id="n5_cz1g" name="btn1" src="v6070" fileName="Button/Button.xml" pkg="ncbwb41m" xy="25,150" size="85,25">
      <relation target="n0_cz1g" sidePair="center-center,bottom-bottom"/>
      <Button title="确定"/>
    </component>
    <component id="n6_cz1g" name="btn2" src="v6070" fileName="Button/Button.xml" pkg="ncbwb41m" xy="130,150" size="85,25">
      <relation target="n0_cz1g" sidePair="center-center,bottom-bottom"/>
      <Button title="取消"/>
    </component>
    <image id="n10_cz1g" name="n10" src="kjtf46" fileName="images/bg_line01.png" pkg="ncbwb41m" xy="0,60" size="240,2">
      <relation target="n0_cz1g" sidePair="width-width,top-top"/>
    </image>
    <image id="n11_cz1g" name="n11" src="kjtf46" fileName="images/bg_line01.png" pkg="ncbwb41m" xy="0,138" size="240,2">
      <relation target="n0_cz1g" sidePair="width-width,bottom-bottom"/>
    </image>
    <component id="n13_cz1g" name="tips" src="cz1ga" fileName="com/TipsLabel.xml" xy="10,25" size="40,20">
      <relation target="n0_cz1g" sidePair="left-left,top-top"/>
    </component>
  </displayList>
</component>