<?xml version="1.0" encoding="utf-8"?>
<component size="340,219">
  <displayList>
    <component id="n12_r5zx" name="frame" src="v6073f" fileName="Window/WindowFrame.xml" pkg="ncbwb41m" xy="0,0" size="340,219">
      <relation target="" sidePair="width-width,height-height"/>
      <Label title="标题标题标题标题标题"/>
    </component>
    <richtext id="n4_hufs" name="content" xy="35,80" size="270,39" fontSize="14" ubb="true" autoSize="height" autoClearText="true" text="消息消息消息消息息消息消息消息消息消息消息息消息消息"/>
    <component id="n5_hufs" name="btn1" src="v6070" fileName="Button/Button.xml" pkg="ncbwb41m" xy="62,169" size="85,25">
      <relation target="n12_r5zx" sidePair="center-center,bottom-bottom"/>
      <Button title="确定"/>
    </component>
    <component id="n6_hufs" name="btn2" src="v6070" fileName="Button/Button.xml" pkg="ncbwb41m" xy="192,169" size="85,25">
      <relation target="n12_r5zx" sidePair="center-center,bottom-bottom"/>
      <Button title="取消"/>
    </component>
    <image id="n10_hufs" name="n10" src="kjtf46" fileName="images/bg_line01.png" pkg="ncbwb41m" xy="0,154" size="340,2">
      <relation target="n12_r5zx" sidePair="width-width,bottom-bottom"/>
    </image>
  </displayList>
  <relation target="n4_hufs" sidePair="width-width,height-height"/>
</component>