<?xml version="1.0" encoding="utf-8"?>
<component size="225,26" extention="Label">
  <displayList>
    <component id="n4_8fu1" name="name" src="8fu12" fileName="com/AreaName.xml" xy="213,4" size="10,19">
      <relation target="" sidePair="middle-middle,left-left,rightext-right"/>
      <Label title="仓库"/>
    </component>
    <component id="n6_jrjp" name="priority" src="v607a" fileName="ComboBox/ComboBox.xml" pkg="ncbwb41m" xy="160,0" size="50,26">
      <relation target="" sidePair="middle-middle,left-left"/>
      <ComboBox visibleItemCount="10"/>
    </component>
    <component id="n7_l7sz" name="corpse" src="v9j6aj" fileName="Checkbox/Checkbox2.xml" pkg="ncbwb41m" xy="0,3" size="51,19">
      <relation target="" sidePair="middle-middle,left-left"/>
      <Button title="尸体"/>
    </component>
    <component id="n8_l7sz" name="dying" src="v9j6aj" fileName="Checkbox/Checkbox2.xml" pkg="ncbwb41m" xy="53,3" size="51,19">
      <relation target="" sidePair="middle-middle,left-left"/>
      <Button title="弥留"/>
    </component>
    <component id="n9_l7sz" name="unconscious" src="v9j6aj" fileName="Checkbox/Checkbox2.xml" pkg="ncbwb41m" xy="106,3" size="51,19">
      <relation target="" sidePair="middle-middle,left-left"/>
      <Button title="昏迷"/>
    </component>
  </displayList>
</component>