<?xml version="1.0" encoding="utf-8"?>
<component size="51,47" extention="Button">
  <controller name="button" pages="0,up,6,down" selected="0"/>
  <displayList>
    <image id="n9_n58a" name="n1" src="kjtf4v" fileName="images/button_bt01.png" pkg="ncbwb41m" xy="2,2" size="46,45">
      <relation target="" sidePair="width-width,height-height"/>
    </image>
    <loader id="n4" name="icon" xy="5,5" size="39,38" align="center" vAlign="middle" fill="scaleFree">
      <relation target="" sidePair="width-width,height-height"/>
    </loader>
    <graph id="n11_n58a" name="n2" xy="1,25" size="49,22" type="rect" lineSize="0" fillColor="#80000000" corner="10">
      <relation target="n8_e4d4" sidePair="bottom-bottom,height-height"/>
    </graph>
    <text id="n8_e4d4" name="title" xy="0,23" size="51,30" fontSize="9" color="#deedc7" align="center" vAlign="bottom" ubb="true" autoSize="height" strokeColor="#2c3936" autoClearText="true" text="醍醐灌顶之术">
      <relation target="" sidePair="bottom-bottom"/>
    </text>
    <image id="n19_wuz4" name="n3" src="lomva" fileName="images2/bg_di07.png" xy="16,15" size="32,30">
      <gearDisplay controller="button" pages="6"/>
      <relation target="" sidePair="width-width,height-height"/>
    </image>
  </displayList>
  <Button mode="Radio"/>
</component>