<?xml version="1.0" encoding="utf-8"?>
<component size="85,25" extention="Button">
  <controller name="button" pages="0,up,1,down,2,over,3,selectedOver,5,disabled" selected="4"/>
  <displayList>
    <image id="n1" name="n1" src="v6071" fileName="images/b7.png" pkg="ncbwb41m" xy="0,0" size="85,25" aspect="true">
      <gearDisplay controller="button" pages="0"/>
      <relation target="" sidePair="width-width,height-height"/>
    </image>
    <image id="n2" name="n2" src="v6072" fileName="images/b5.png" pkg="ncbwb41m" xy="0,0" size="85,25" aspect="true">
      <gearDisplay controller="button" pages="1,3"/>
      <relation target="" sidePair="width-width,height-height"/>
    </image>
    <image id="n3" name="n3" src="v6073" fileName="images/b6.png" pkg="ncbwb41m" xy="0,0" size="85,25" aspect="true">
      <gearDisplay controller="button" pages="2"/>
      <relation target="" sidePair="width-width,height-height"/>
    </image>
    <image id="n7_wuz4" name="n4" src="lomv8" fileName="images2/b4.png" xy="0,0" size="85,25">
      <gearDisplay controller="button" pages="5"/>
      <relation target="" sidePair="width-width,height-height"/>
    </image>
    <text id="n4" name="title" xy="0,1" size="85,23" fontSize="12" color="#deedc7" align="center" vAlign="middle" autoSize="none" strokeColor="#2c3936" singleLine="true" text="">
      <relation target="" sidePair="width-width,height-height"/>
    </text>
  </displayList>
  <Button downEffect="dark" downEffectValue="0.80"/>
</component>