<?xml version="1.0" encoding="utf-8"?>
<component size="52,52" extention="Button">
  <controller name="button" pages="0,up,1,down,2,over,3,selectedOver" selected="2"/>
  <displayList>
    <image id="n7" name="n7" src="kjtf3o" fileName="images/bg_ban007.png" xy="-2,-2" size="56,55" color="#cfcfcf">
      <gearDisplay controller="button" pages="0,1,2,3"/>
      <gearColor controller="button" pages="2" values="#cfcfcf" default="#ffffff"/>
      <relation target="" sidePair="width-width,height-height"/>
    </image>
    <loader id="n4" name="icon" xy="2,3" size="47,45" align="center" vAlign="middle" fill="scaleFree">
      <relation target="" sidePair="width-width,height-height"/>
    </loader>
    <text id="n8_e4d4" name="title" xy="0,32" size="50,19" fontSize="12" color="#dea60d" align="center" vAlign="middle" ubb="true" autoSize="none" strokeColor="#2b231b" autoClearText="true" text="文字">
      <relation target="" sidePair="width-width"/>
      <relation target="" sidePair="bottom-bottom,center-center"/>
    </text>
  </displayList>
  <Button/>
</component>