<?xml version="1.0" encoding="utf-8"?>
<component size="250,26" extention="Button">
  <displayList>
    <component id="n4_8fu1" name="name" src="8fu12" fileName="com/AreaName.xml" xy="160,0" size="90,26">
      <relation target="n3_8fu1" sidePair="left-right,middle-middle"/>
    </component>
    <component id="n1_8fu1" name="state" src="v607a" fileName="ComboBox/ComboBox.xml" pkg="ncbwb41m" xy="0,0" size="76,26" tooltips="状态">
      <relation target="" sidePair="left-left,middle-middle"/>
      <ComboBox visibleItemCount="10" direction="down">
        <item title="弥留"/>
        <item title="尸体"/>
        <item title="无"/>
      </ComboBox>
    </component>
    <component id="n3_8fu1" name="level" src="v607a" fileName="ComboBox/ComboBox.xml" pkg="ncbwb41m" xy="80,0" size="76,26" tooltips="优先级">
      <relation target="n1_8fu1" sidePair="left-right,middle-middle"/>
      <ComboBox visibleItemCount="10" direction="down">
        <item title="低"/>
        <item title="中"/>
        <item title="高"/>
      </ComboBox>
    </component>
  </displayList>
  <Button/>
</component>