<?xml version="1.0" encoding="utf-8"?>
<component size="124,20" extention="Button">
  <controller name="button" pages="" selected="-1"/>
  <displayList>
    <graph id="n5_cz1g" name="n5" xy="23,0" size="76,20" type="rect" lineSize="0" fillColor="#00ffffff">
      <relation target="n3_cz1g" sidePair="width-width,height-height"/>
      <relation target="" sidePair="center-center,middle-middle"/>
    </graph>
    <text id="n3_cz1g" name="title" xy="23,0" size="37,19" fontSize="12" vAlign="middle" leading="0" ubb="true" singleLine="true" autoClearText="true" text="123和">
      <relation target="n5_cz1g" sidePair="left-left,middle-middle"/>
    </text>
    <component id="n4_cz1g" name="input" src="v6072k" fileName="Input/TextInput.xml" pkg="ncbwb41m" xy="61,0" size="40,20">
      <relation target="n3_cz1g" sidePair="left-right,top-top"/>
      <Label prompt="0" maxLength="4" restrict="[0-9]"/>
    </component>
  </displayList>
  <Button mode="Check"/>
</component>