<?xml version="1.0" encoding="utf-8"?>
<component size="335,257" extention="Label" initName="frame">
  <displayList>
    <image id="n2_hufs" name="n2" src="v607g" fileName="images/background.png" pkg="ncbwb41m" xy="0,0" size="335,257" locked="true">
      <relation target="" sidePair="width-width,height-height"/>
    </image>
    <graph id="n5_hufs" name="dragArea" xy="0,0" size="335,257" locked="true">
      <relation target="" sidePair="width-width,height-height"/>
    </graph>
    <graph id="n6_hufs" name="contentArea" xy="5,45" size="325,207" locked="true">
      <relation target="" sidePair="width-width,height-height"/>
    </graph>
    <image id="n3_hufs" name="n3" src="kjtf47" fileName="images/bg_title001.png" pkg="ncbwb41m" xy="89,11" size="157,34">
      <relation target="n2_hufs" sidePair="center-center,top-top"/>
    </image>
    <text id="n4_hufs" name="title" xy="95,17" size="144,20" fontSize="14" color="#fec585" align="center" vAlign="middle" autoSize="none" strokeColor="#444444" singleLine="true" autoClearText="true" text="消息消息消息消息">
      <relation target="n3_hufs" sidePair="center-center,middle-middle"/>
      <relation target="n3_hufs" sidePair="width-width"/>
    </text>
  </displayList>
</component>