<?xml version="1.0" encoding="utf-8"?>
<component size="44,44" extention="Button">
  <controller name="button" pages="0,up,6,down,7,over" selected="1"/>
  <displayList>
    <image id="n11_cama" name="n1" src="kjtf4y" fileName="images/button_bt04.png" pkg="ncbwb41m" xy="1,1" size="42,42">
      <gearDisplay controller="button" pages="0"/>
      <relation target="" sidePair="width-width,height-height"/>
      <relation target="" sidePair="center-center,middle-middle"/>
    </image>
    <image id="n12_cama" name="n2" src="kjtf4w" fileName="images/button_bt02.png" pkg="ncbwb41m" xy="0,0" size="44,44">
      <gearDisplay controller="button" pages="6,7"/>
      <relation target="" sidePair="width-width,height-height"/>
      <relation target="" sidePair="center-center,middle-middle"/>
    </image>
    <loader id="n4" name="icon" xy="7,7" size="30,30" align="center" vAlign="middle" fill="scaleFree">
      <relation target="" sidePair="width-width,height-height"/>
      <relation target="" sidePair="center-center,middle-middle"/>
    </loader>
    <text id="n8_e4d4" name="title" xy="-1,30" size="46,16" fontSize="9" color="#deedc7" align="center" vAlign="bottom" leading="0" ubb="true" autoSize="height" strokeColor="#2c3936" singleLine="true" autoClearText="true" text="批量操作">
      <relation target="" sidePair="bottom-bottom,center-center"/>
    </text>
  </displayList>
  <Button/>
</component>