<?xml version="1.0" encoding="utf-8"?>
<component size="71,20" extention="Label">
  <displayList>
    <image id="n0" name="n0" src="kjtf7l" fileName="images/other_groove01.png" xy="0,0" size="71,20" aspect="true">
      <relation target="" sidePair="width-width,height-height"/>
    </image>
    <text id="n1" name="title" xy="1,2" size="69,18" input="true" fontSize="12" color="#bdbdbd" autoSize="none" text="">
      <relation target="" sidePair="width-width,height-height"/>
    </text>
  </displayList>
</component>