<?xml version="1.0" encoding="utf-8"?>
<component size="320,400">
  <displayList>
    <component id="n0_8fu1" name="frame" src="v6073f" fileName="Window/WindowFrame.xml" pkg="ncbwb41m" xy="0,0" size="320,400">
      <Label title="自动搬运设置"/>
    </component>
    <list id="n1_8fu1" name="list" xy="41,110" size="250,225" selectionMode="none" overflow="scroll" scrollBarFlags="4" lineGap="4" defaultItem="ui://ftqs8ula8fu10" autoItemSize="false" vAlign="middle" autoClearItems="true">
      <relation target="n0_8fu1" sidePair="width-width,height-height"/>
      <item/>
      <item/>
      <item/>
      <item/>
      <item/>
      <item/>
      <item/>
      <item/>
      <item/>
      <item/>
      <item/>
      <item/>
    </list>
    <component id="n2_8fu1" name="btn1" src="v6070" fileName="Button/Button.xml" pkg="ncbwb41m" xy="60,350" size="85,25">
      <relation target="n0_8fu1" sidePair="center-center,bottom-bottom"/>
      <Button title="确定"/>
    </component>
    <component id="n4_8fu1" name="btn2" src="v6070" fileName="Button/Button.xml" pkg="ncbwb41m" xy="175,350" size="85,25">
      <relation target="n0_8fu1" sidePair="center-center,bottom-bottom"/>
      <Button title="取消"/>
    </component>
    <image id="n6_8fu1" name="n6" src="kjtf46" fileName="images/bg_line01.png" pkg="ncbwb41m" xy="0,108" size="320,2">
      <relation target="n0_8fu1" sidePair="width-width,top-top"/>
    </image>
    <image id="n7_8fu1" name="n7" src="kjtf46" fileName="images/bg_line01.png" pkg="ncbwb41m" xy="0,336" size="320,2">
      <relation target="n0_8fu1" sidePair="width-width,bottom-bottom"/>
    </image>
    <component id="n18_lcvj" name="tips" src="lcvj5" fileName="com/TipLabel.xml" xy="15,28" size="40,20">
      <relation target="n0_8fu1" sidePair="center-center,top-top"/>
      <Label title="说明"/>
    </component>
    <component id="n21_gauc" name="check1" src="v6078" fileName="Checkbox/Checkbox.xml" pkg="ncbwb41m" xy="40,64" size="70,19">
      <relation target="n0_8fu1" sidePair="center-center,top-top"/>
      <Button title="自动搜身"/>
    </component>
    <component id="n22_gauc" name="check2" src="v6078" fileName="Checkbox/Checkbox.xml" pkg="ncbwb41m" xy="164,64" size="70,19">
      <relation target="n0_8fu1" sidePair="center-center,top-top"/>
      <Button title="自动屠宰"/>
    </component>
    <component id="n23_gauc" name="check3" src="v6078" fileName="Checkbox/Checkbox.xml" pkg="ncbwb41m" xy="39,86" size="94,19">
      <relation target="n0_8fu1" sidePair="center-center,top-top"/>
      <Button title="灵植成熟提醒"/>
    </component>
    <component id="n24_gauc" name="check4" src="v6078" fileName="Checkbox/Checkbox.xml" pkg="ncbwb41m" xy="163,86" size="118,19">
      <relation target="n0_8fu1" sidePair="center-center,top-top"/>
      <Button title="自动领取各地储存"/>
    </component>
  </displayList>
</component>