<?xml version="1.0" encoding="utf-8"?>
<component size="31,25" extention="Button">
  <controller name="button" pages="0,up,1,down,2,over,3,selectedOver" selected="2"/>
  <controller name="grayed" pages="0,,1," selected="0"/>
  <displayList>
    <image id="n1" name="n1" src="v6071" fileName="images/b7.png" xy="0,0" size="31,25" aspect="true">
      <gearDisplay controller="button" pages="0"/>
      <gearColor controller="grayed" pages="1" values="#efefef" default="#ffffff"/>
      <relation target="" sidePair="width-width,height-height"/>
    </image>
    <image id="n2" name="n2" src="v6072" fileName="images/b5.png" xy="0,0" size="31,25" aspect="true">
      <gearDisplay controller="button" pages="1,3"/>
      <relation target="" sidePair="width-width,height-height"/>
    </image>
    <image id="n3" name="n3" src="v6073" fileName="images/b6.png" xy="0,0" size="31,25" aspect="true">
      <gearDisplay controller="button" pages="2"/>
      <relation target="" sidePair="width-width,height-height"/>
    </image>
    <text id="n4" name="title" xy="10,4" size="10,19" fontSize="12" color="#2b231b" autoClearText="true" text="">
      <gearColor controller="grayed" pages="0,1" values="#2b231b,#000000|#999999,#000000"/>
      <relation target="" sidePair="height-height"/>
    </text>
  </displayList>
  <Button/>
  <relation target="n4" sidePair="width-width"/>
</component>