<?xml version="1.0" encoding="utf-8"?>
<component size="30,19" extention="Button">
  <controller name="button" pages="0,up,1,down,2,over,3,selectedOver" selected="1"/>
  <displayList>
    <graph id="n4" name="n4" xy="1,1" size="28,17" type="rect" lineColor="#ff333333" fillColor="#00ffccff" corner="3">
      <gearDisplay controller="button" pages="1,3"/>
      <relation target="" sidePair="width-width,height-height"/>
    </graph>
    <graph id="n2" name="n2" xy="1,1" size="28,17" type="rect" lineColor="#ff999999" fillColor="#00ffccff" corner="6">
      <gearDisplay controller="button" pages="2"/>
      <relation target="" sidePair="width-width,height-height"/>
    </graph>
    <text id="n3" name="title" xy="10,1" size="10,16" fontSize="12" text="">
      <relation target="" sidePair="height-height"/>
    </text>
  </displayList>
  <Button mode="Radio"/>
  <relation target="n3" sidePair="width-width"/>
</component>