<?xml version="1.0" encoding="utf-8"?>
<component size="300,275">
  <displayList>
    <component id="n0_r5zx" name="frame" src="v6073f" fileName="Window/WindowFrame.xml" pkg="ncbwb41m" xy="0,0" size="300,275">
      <relation target="" sidePair="width-width,height-height"/>
      <Label title="批量操作设置"/>
    </component>
    <component id="n1_r5zx" name="btn1" src="v6070" fileName="Button/Button.xml" pkg="ncbwb41m" xy="56,228">
      <relation target="n0_r5zx" sidePair="center-center,bottom-bottom"/>
      <Button title="确定"/>
    </component>
    <component id="n2_r5zx" name="btn2" src="v6070" fileName="Button/Button.xml" pkg="ncbwb41m" xy="162,228">
      <relation target="n0_r5zx" sidePair="center-center,bottom-bottom"/>
      <Button title="取消"/>
    </component>
    <list id="n7_r5zx" name="list1" xy="40,75" size="110,135" selectionMode="multipleSingleClick" overflow="scroll" scrollBarFlags="164" lineGap="8" colGap="10" defaultItem="ui://ncbwb41mv6078" autoClearItems="true">
      <relation target="n0_r5zx" sidePair="height-height,top-top"/>
      <relation target="n0_r5zx" sidePair="right-center,width-width%"/>
      <item title="设置设置设置设置"/>
      <item/>
      <item/>
      <item/>
      <item title="设置设置设置设置"/>
      <item title="设置设置设置设置"/>
    </list>
    <list id="n8_r5zx" name="list2" xy="160,75" size="110,135" selectionMode="multipleSingleClick" overflow="scroll" scrollBarFlags="164" lineGap="8" colGap="10" defaultItem="ui://ncbwb41mv6078" autoClearItems="true">
      <relation target="n0_r5zx" sidePair="height-height,top-top"/>
      <relation target="n0_r5zx" sidePair="left-center,width-width%"/>
      <item/>
      <item/>
      <item/>
      <item/>
      <item/>
      <item/>
    </list>
  </displayList>
</component>