<?xml version="1.0" encoding="utf-8"?>
<component size="240,220">
  <displayList>
    <component id="n0_cz1g" name="frame" src="v6073f" fileName="Window/WindowFrame.xml" pkg="ncbwb41m" xy="0,0" size="240,220">
      <relation target="" sidePair="width-width,height-height"/>
    </component>
    <image id="n3_cz1g" name="n3" src="kjtf47" fileName="images/bg_title001.png" pkg="ncbwb41m" xy="55,20" size="130,30">
      <relation target="n0_cz1g" sidePair="center-center,top-top"/>
    </image>
    <text id="n4_cz1g" name="title" xy="60,25" size="120,20" fontSize="14" color="#fec585" align="center" vAlign="middle" autoSize="none" strokeColor="#444444" singleLine="true" autoClearText="true" text="啊啊啊啊啊啊啊啊">
      <relation target="n3_cz1g" sidePair="center-center,middle-middle"/>
    </text>
    <list id="n1_cz1g" name="list" xy="10,63" size="220,94" layout="flow_hz" selectionMode="none" overflow="scroll" scrollBarFlags="4" lineGap="4" lineItemCount="1" defaultItem="ui://b7phkfl5cz1g9" autoItemSize="true" align="center" vAlign="middle" autoClearItems="true">
      <relation target="n0_cz1g" sidePair="width-width,height-height"/>
      <relation target="n0_cz1g" sidePair="center-center,middle-middle"/>
      <item/>
      <item/>
      <item/>
      <item/>
      <item/>
      <item/>
      <item/>
      <item/>
      <item/>
      <item/>
      <item/>
      <item/>
      <item/>
    </list>
    <component id="n5_cz1g" name="btn1" src="v6070" fileName="Button/Button.xml" pkg="ncbwb41m" xy="29,166" size="80,34">
      <relation target="n0_cz1g" sidePair="center-center,bottom-bottom"/>
    </component>
    <component id="n6_cz1g" name="btn2" src="v6070" fileName="Button/Button.xml" pkg="ncbwb41m" xy="130,167" size="80,34">
      <relation target="n0_cz1g" sidePair="center-center,bottom-bottom"/>
    </component>
    <text id="n8_cz1g" name="bname1" xy="38,174" size="62,19" fontSize="12" color="#deedc7" align="center" vAlign="middle" autoSize="none" strokeColor="#2c3936" singleLine="true" text="确定">
      <relation target="n5_cz1g" sidePair="center-center,middle-middle"/>
    </text>
    <text id="n9_cz1g" name="bname2" xy="139,174" size="62,19" fontSize="12" color="#deedc7" align="center" vAlign="middle" autoSize="none" strokeColor="#2c3936" singleLine="true" text="取消">
      <relation target="n6_cz1g" sidePair="center-center,middle-middle"/>
    </text>
    <image id="n10_cz1g" name="n10" src="kjtf46" fileName="images/bg_line01.png" pkg="ncbwb41m" xy="0,61" size="240,2">
      <relation target="n0_cz1g" sidePair="width-width,top-top"/>
    </image>
    <image id="n11_cz1g" name="n11" src="kjtf46" fileName="images/bg_line01.png" pkg="ncbwb41m" xy="0,157" size="240,2">
      <relation target="n0_cz1g" sidePair="width-width,bottom-bottom"/>
    </image>
    <component id="n13_cz1g" name="tips" src="cz1ga" fileName="com/Label1.xml" xy="11,26">
      <relation target="n0_cz1g" sidePair="left-left,top-top"/>
    </component>
  </displayList>
</component>