<?xml version="1.0" encoding="utf-8"?>
<component size="335,370">
  <displayList>
    <component id="n0_hufs" name="frame" src="v6073f" fileName="Window/WindowFrame.xml" pkg="ncbwb41m" xy="0,0" size="335,370">
      <Label title="批量画符"/>
    </component>
    <list id="n1_hufs" name="list" xy="7,61" size="321,246" layout="flow_hz" selectionMode="none" overflow="scroll" margin="0,0,2,2" lineGap="4" colGap="4" defaultItem="ui://b7phkfl5hufs1" autoClearItems="true">
      <relation target="n0_hufs" sidePair="width-width,height-height"/>
      <relation target="n0_hufs" sidePair="center-center,middle-middle"/>
      <item/>
      <item/>
      <item/>
      <item/>
      <item/>
      <item/>
      <item/>
      <item/>
      <item/>
      <item/>
      <item/>
      <item/>
      <item/>
    </list>
    <component id="n3_hufs" name="btn1" src="v6070" fileName="Button/Button.xml" pkg="ncbwb41m" xy="66,316" size="89,34">
      <relation target="n0_hufs" sidePair="center-center,bottom-bottom"/>
    </component>
    <component id="n5_hufs" name="btn2" src="v6070" fileName="Button/Button.xml" pkg="ncbwb41m" xy="180,316" size="89,34">
      <relation target="n0_hufs" sidePair="center-center,bottom-bottom"/>
    </component>
    <text id="n4_hufs" name="n4" xy="96,324" size="29,19" fontSize="12" color="#deedc7" align="center" vAlign="middle" strokeColor="#2c3936" text="确定">
      <relation target="n3_hufs" sidePair="center-center,middle-middle"/>
    </text>
    <text id="n6_hufs" name="n6" xy="210,324" size="29,19" fontSize="12" color="#deedc7" align="center" vAlign="middle" strokeColor="#2c3936" text="取消">
      <relation target="n5_hufs" sidePair="center-center,middle-middle"/>
    </text>
    <image id="n7_hufs" name="n7" src="kjtf46" fileName="images/bg_line01.png" pkg="ncbwb41m" xy="0,59" size="335,2">
      <relation target="n0_hufs" sidePair="width-width,top-top"/>
    </image>
    <image id="n8_hufs" name="n8" src="kjtf46" fileName="images/bg_line01.png" pkg="ncbwb41m" xy="0,307" size="335,2">
      <relation target="n0_hufs" sidePair="width-width,bottom-bottom"/>
    </image>
  </displayList>
</component>