<?xml version="1.0" encoding="utf-8"?>
<component size="335,200">
  <displayList>
    <component id="n11_hufs" name="frame" src="hufs5" fileName="com/MsgFrame.xml" xy="0,0" size="335,196">
      <relation target="n4_hufs" sidePair="width-width,height-height"/>
      <relation target="n4_hufs" sidePair="center-center,top-top"/>
    </component>
    <richtext id="n4_hufs" name="content" xy="34,76" size="269,20" fontSize="14" ubb="true" autoSize="height" autoClearText="true" text="消息消息消息消息消息消息消息消息消息"/>
    <component id="n5_hufs" name="btn1" src="v6070" fileName="Button/Button.xml" pkg="ncbwb41m" xy="54,150" size="100,34">
      <relation target="n11_hufs" sidePair="center-center,bottom-bottom"/>
    </component>
    <component id="n6_hufs" name="btn2" src="v6070" fileName="Button/Button.xml" pkg="ncbwb41m" xy="179,150" size="100,34">
      <relation target="n11_hufs" sidePair="center-center,bottom-bottom"/>
    </component>
    <text id="n9_hufs" name="bname1" xy="64,158" size="80,19" fontSize="12" color="#deedc7" align="center" vAlign="middle" autoSize="none" strokeColor="#2c3936" singleLine="true" autoClearText="true" text="确定确定确定">
      <relation target="n5_hufs" sidePair="center-center,middle-middle"/>
    </text>
    <text id="n8_hufs" name="bname2" xy="189,158" size="80,19" fontSize="12" color="#deedc7" align="center" vAlign="middle" autoSize="none" strokeColor="#2c3936" singleLine="true" autoClearText="true" text="确定确定确定">
      <relation target="n6_hufs" sidePair="center-center,middle-middle"/>
    </text>
    <image id="n10_hufs" name="n10" src="kjtf46" fileName="images/bg_line01.png" pkg="ncbwb41m" xy="0,138" size="335,2">
      <relation target="n11_hufs" sidePair="width-width,bottom-bottom"/>
    </image>
  </displayList>
</component>