<?xml version="1.0" encoding="utf-8"?>
<component size="85,25" extention="Button">
  <controller name="button" pages="0,up,1,down,2,over,3,selectedOver,4,disabled,5,selectedDisabled" selected="0"/>
  <displayList>
    <image id="n1" name="n1" src="kjtf54" fileName="images/button_bt10.png" xy="0,0" size="85,25" aspect="true" color="#e0e0e0">
      <gearLook controller="button" pages="4,5" values="1,0,1,0|1,0,1,0" default="1,0,0,0"/>
      <gearColor controller="button" pages="0,1,2,3" values="#e0e0e0|#ffe5a1|#ffffff|#ffe5a1" default="#ffffff"/>
      <relation target="" sidePair="width-width,height-height"/>
    </image>
    <text id="n4" name="title" xy="0,1" size="85,23" fontSize="12" color="#514030" align="center" vAlign="middle" autoSize="none" bold="true" strokeColor="#ffe5a1" singleLine="true" autoClearText="true" text="测试">
      <gearLook controller="button" pages="4,5" values="1,0,1,0|1,0,0,0" default="1,0,0,0"/>
      <relation target="" sidePair="width-width,height-height"/>
    </text>
  </displayList>
  <Button/>
</component>