<?xml version="1.0" encoding="utf-8"?>
<component size="41,41" extention="Button">
  <controller name="button" pages="0,up,1,down,2,over,3,selectedOver" selected="2"/>
  <displayList>
    <image id="n1" name="n1" src="kjtf58" fileName="images/button_close01.png" xy="1,2" size="39,36" aspect="true" color="#777777">
      <gearDisplay controller="button" pages="0,1,2,3"/>
      <gearColor controller="button" pages="2" values="#777777" default="#ffffff"/>
    </image>
  </displayList>
  <Button/>
</component>