<?xml version="1.0" encoding="utf-8"?>
<component size="54,19" extention="Button">
  <controller name="button" pages="0,up,1,down,2,over" selected="1"/>
  <displayList>
    <image id="n1_fd73" name="n1" src="pvoaae" fileName="images/bg_ban023.png" pkg="ncbwb41m" xy="0,0" size="54,19" color="#c8c8c8">
      <gearColor controller="button" pages="1,2" values="#c8c8c8|#e1e1e1" default="#ffffff"/>
      <relation target="" sidePair="width-width,height-height"/>
    </image>
    <text id="n0_8fu1" name="title" xy="13,0" size="28,19" fontSize="12" color="#514030" align="center" vAlign="middle" leading="0" ubb="true" singleLine="true" autoClearText="true" text="仓库">
      <relation target="" sidePair=""/>
    </text>
  </displayList>
  <Button/>
  <relation target="n0_8fu1" sidePair="width-width,height-height"/>
</component>