<?xml version="1.0" encoding="utf-8"?>
<component size="100,19" extention="Button">
  <controller name="button" pages="0,up,1,down,2,over,3,selectedOver" selected="0"/>
  <displayList>
    <graph id="n2" name="n2" xy="0,0" size="100,19" type="rect" lineSize="0" lineColor="#00ff9966" fillColor="#ff3399ff">
      <gearDisplay controller="button" pages="1,2,3"/>
      <relation target="" sidePair="width-width,height-height"/>
    </graph>
    <text id="n1" name="title" xy="1,1" size="98,17" fontSize="12" color="#d1c0a5" vAlign="middle" autoSize="none" singleLine="true" text="">
      <gearColor controller="button" pages="0,1,2,3" values="#d1c0a5,#000000|#ffffff,#000000|#ffffff,#000000|#ffffff,#000000"/>
      <relation target="" sidePair="width-width,height-height"/>
    </text>
  </displayList>
  <Button mode="Radio"/>
</component>